Statistics,Classes,Individuals,Axioms,Logical Axioms,TBox,ABox,RBox,Data Properties,Object Properties,Annotation Properties,Profiles,
ore_ont_6461.owl,53,0,318,264,135,128,1,0,1,0,OWL2_DL - OWL2_FULL,OWL2_DL
ore_ont_8335.owl,116,0,426,305,132,166,7,0,5,0,OWL2_DL - OWL2_FULL,OWL2_DL
ore_ont_2775.owl,116,0,426,305,132,166,7,0,5,0,OWL2_DL - OWL2_FULL,OWL2_DL
ore_ont_16827.owl,80,99,442,269,166,103,0,0,93,0,OWL2_DL - OWL2_QL - OWL2_EL - OWL2_RL - OWL2_FULL,OWL2_EL
ore_ont_14588.owl,26,47,298,237,122,105,10,16,20,0,OWL2_DL - OWL2_FULL,OWL2_DL
ore_ont_1524.owl,106,100,435,321,117,200,4,6,3,0,OWL2_DL - OWL2_FULL,OWL2_DL
ore_ont_9462.owl,104,128,455,350,221,128,1,0,1,0,OWL2_DL - OWL2_EL - OWL2_FULL,OWL2_EL
ore_ont_15421.owl,74,72,300,223,114,108,1,1,2,0,OWL2_DL - OWL2_FULL,OWL2_DL
ore_ont_7417.owl,117,63,479,328,168,135,25,12,23,0,OWL2_DL - OWL2_FULL,OWL2_DL
ore_ont_3936.owl,122,200,462,332,128,200,4,0,9,0,OWL2_DL - OWL2_QL - OWL2_EL - OWL2_FULL,OWL2_EL
ore_ont_16723.owl,43,45,345,264,138,110,16,12,27,0,OWL2_DL - OWL2_FULL,OWL2_DL
ore_ont_13132.owl,64,98,591,477,146,302,29,20,31,0,OWL2_DL - OWL2_FULL,OWL2_DL
ore_ont_13885.owl,36,14,488,397,141,189,67,4,51,0,OWL2_DL - OWL2_FULL,OWL2_DL
ore_ont_16274.owl,99,115,485,369,126,230,13,6,12,0,OWL2_DL - OWL2_FULL,OWL2_DL
ore_ont_3205.owl,59,60,362,287,167,119,1,14,2,0,OWL2_DL - OWL2_RL - OWL2_FULL,OWL2_DL
ore_ont_16267.owl,121,163,660,479,172,249,58,0,62,0,OWL2_DL - OWL2_EL - OWL2_RL - OWL2_FULL,OWL2_EL
ore_ont_16630.owl,30,152,374,290,98,183,8,16,39,0,OWL2_DL - OWL2_FULL,OWL2_DL
ore_ont_16814.owl,28,42,364,287,163,102,22,11,39,0,OWL2_DL - OWL2_FULL,OWL2_DL
ore_ont_16197.owl,65,58,315,227,109,118,0,6,18,0,OWL2_DL - OWL2_FULL,OWL2_DL
ore_ont_12150.owl,127,131,445,291,140,132,19,0,28,0,OWL2_DL - OWL2_QL - OWL2_EL - OWL2_RL - OWL2_FULL,OWL2_EL
ore_ont_10894.owl,148,109,568,411,169,237,5,6,4,0,OWL2_DL - OWL2_FULL,OWL2_DL
ore_ont_9928.owl,167,0,671,500,166,333,1,0,4,0,OWL2_DL - OWL2_FULL,OWL2_DL
ore_ont_7789.owl,49,122,538,437,130,290,17,17,36,0,OWL2_DL - OWL2_FULL,OWL2_DL
ore_ont_1988.owl,115,94,428,310,100,210,0,0,3,0,OWL2_DL - OWL2_FULL,OWL2_DL
ore_ont_3281.owl,127,83,563,420,189,219,12,6,11,0,OWL2_DL - OWL2_FULL,OWL2_DL
ore_ont_11004.owl,29,54,518,405,267,109,29,37,47,0,OWL2_DL - OWL2_FULL,OWL2_DL
ore_ont_10199.owl,36,84,419,336,120,180,36,0,47,0,OWL2_DL - OWL2_QL - OWL2_EL - OWL2_FULL,OWL2_EL
ore_ont_7800.owl,36,84,419,336,120,180,36,0,47,0,OWL2_DL - OWL2_QL - OWL2_EL - OWL2_FULL,OWL2_EL
ore_ont_3053.owl,87,85,524,396,203,192,1,20,21,0,OWL2_DL - OWL2_FULL,OWL2_DL
ore_ont_11203.owl,59,48,562,334,94,103,137,0,170,0,OWL2_DL - OWL2_QL - OWL2_EL - OWL2_RL - OWL2_FULL,OWL2_EL
ore_ont_14379.owl,80,45,465,342,200,140,2,23,21,0,OWL2_DL - OWL2_FULL,OWL2_DL
ore_ont_11533.owl,35,25,480,379,195,173,11,43,24,0,OWL2_DL - OWL2_FULL,OWL2_DL
ore_ont_11592.owl,170,81,625,434,167,256,11,8,14,0,OWL2_DL - OWL2_FULL,OWL2_DL
ore_ont_16670.owl,49,56,528,411,221,179,11,45,24,0,OWL2_DL - OWL2_FULL,OWL2_DL
ore_ont_10580.owl,133,0,695,531,235,273,23,0,31,0,OWL2_DL - OWL2_FULL,OWL2_DL
ore_ont_6859.owl,170,81,625,434,167,256,11,8,14,0,OWL2_DL - OWL2_FULL,OWL2_DL
ore_ont_1866.owl,49,56,526,410,221,178,11,44,24,0,OWL2_DL - OWL2_FULL,OWL2_DL
ore_ont_15068.owl,213,166,590,377,211,166,0,0,0,0,OWL2_DL - OWL2_QL - OWL2_EL - OWL2_RL - OWL2_FULL,OWL2_EL
ore_ont_13129.owl,40,24,452,366,164,166,34,37,10,0,OWL2_DL - OWL2_FULL,OWL2_DL
ore_ont_4035.owl,131,0,752,619,235,382,2,0,2,0,OWL2_DL - OWL2_FULL,OWL2_DL
ore_ont_16033.owl,156,269,530,374,105,269,0,0,0,0,OWL2_DL - OWL2_QL - OWL2_EL - OWL2_RL - OWL2_FULL,OWL2_EL
ore_ont_5074.owl,156,269,530,374,105,269,0,0,0,0,OWL2_DL - OWL2_QL - OWL2_EL - OWL2_RL - OWL2_FULL,OWL2_EL
ore_ont_13799.owl,46,45,406,349,235,109,5,2,10,0,OWL2_DL - OWL2_FULL,OWL2_DL
ore_ont_10681.owl,36,56,554,449,140,298,11,46,24,0,OWL2_DL - OWL2_FULL,OWL2_DL
ore_ont_12323.owl,83,56,598,447,257,178,12,44,25,0,OWL2_DL - OWL2_FULL,OWL2_DL
ore_ont_14800.owl,83,56,598,447,257,178,12,44,25,0,OWL2_DL - OWL2_FULL,OWL2_DL
ore_ont_1430.owl,46,93,565,483,178,305,0,17,19,0,OWL2_DL - OWL2_FULL,OWL2_DL
ore_ont_14175.owl,100,190,658,463,269,181,13,0,97,0,OWL2_DL - OWL2_EL - OWL2_FULL,OWL2_EL
ore_ont_1898.owl,34,56,625,522,195,316,11,46,24,0,OWL2_DL - OWL2_FULL,OWL2_DL
ore_ont_5932.owl,200,105,719,492,191,279,22,0,29,0,OWL2_DL - OWL2_EL - OWL2_RL - OWL2_FULL,OWL2_EL
ore_ont_4133.owl,290,50,757,456,345,110,1,0,12,0,OWL2_DL - OWL2_FULL,OWL2_DL
ore_ont_13872.owl,159,48,813,522,207,112,203,0,133,0,OWL2_DL - OWL2_EL - OWL2_FULL,OWL2_EL
ore_ont_85.owl,32,56,654,554,246,297,11,45,24,0,OWL2_DL - OWL2_FULL,OWL2_DL
ore_ont_15103.owl,34,56,605,503,195,297,11,45,24,0,OWL2_DL - OWL2_FULL,OWL2_DL
ore_ont_13704.owl,17,46,358,301,116,183,2,15,26,0,OWL2_DL - OWL2_FULL,OWL2_DL
ore_ont_13833.owl,311,0,1071,757,347,410,0,0,3,0,OWL2_DL - OWL2_FULL,OWL2_DL
ore_ont_15514.owl,194,50,613,393,247,132,14,0,27,0,OWL2_DL - OWL2_FULL,OWL2_DL
ore_ont_13584.owl,118,117,1061,825,257,393,175,23,96,0,OWL2_DL - OWL2_FULL,OWL2_DL
ore_ont_15291.owl,224,66,868,569,270,180,119,9,67,0,OWL2_DL - OWL2_FULL,OWL2_DL
ore_ont_5204.owl,71,88,481,364,163,163,38,3,43,0,OWL2_DL - OWL2_FULL,OWL2_DL
ore_ont_10009.owl,36,56,635,530,221,298,11,46,24,0,OWL2_DL - OWL2_FULL,OWL2_DL
ore_ont_568.owl,254,158,829,535,333,200,2,0,42,0,OWL2_DL - OWL2_EL - OWL2_FULL,OWL2_EL
ore_ont_15058.owl,27,48,552,447,272,105,70,38,41,0,OWL2_DL - OWL2_FULL,OWL2_DL
ore_ont_4719.owl,104,160,805,593,347,194,52,56,53,0,OWL2_DL - OWL2_FULL,OWL2_DL
ore_ont_3022.owl,36,56,635,530,221,298,11,46,24,0,OWL2_DL - OWL2_FULL,OWL2_DL
ore_ont_12369.owl,36,56,634,530,221,298,11,46,23,0,OWL2_DL - OWL2_FULL,OWL2_DL
ore_ont_5509.owl,311,417,1029,718,301,417,0,0,0,0,OWL2_DL - OWL2_QL - OWL2_EL - OWL2_RL - OWL2_FULL,OWL2_EL
ore_ont_7988.owl,41,49,663,553,333,215,5,37,33,0,OWL2_DL - OWL2_FULL,OWL2_DL
ore_ont_15010.owl,178,0,706,519,339,180,0,0,9,0,OWL2_DL - OWL2_FULL,OWL2_DL
ore_ont_12112.owl,50,62,452,340,208,121,11,43,20,0,OWL2_DL - OWL2_FULL,OWL2_DL
ore_ont_13398.owl,136,0,947,808,413,392,3,0,3,0,OWL2_DL - OWL2_FULL,OWL2_DL
ore_ont_7011.owl,244,180,859,602,403,190,9,1,13,0,OWL2_DL - OWL2_FULL,OWL2_DL
ore_ont_7179.owl,84,57,588,422,226,123,73,19,66,0,OWL2_DL - OWL2_FULL,OWL2_DL
ore_ont_15596.owl,224,82,951,651,270,262,119,10,67,0,OWL2_DL - OWL2_FULL,OWL2_DL
ore_ont_7894.owl,253,0,1242,987,368,619,0,0,2,0,OWL2_DL - OWL2_FULL,OWL2_DL
ore_ont_8975.owl,224,82,951,651,270,262,119,10,67,0,OWL2_DL - OWL2_FULL,OWL2_DL
ore_ont_10571.owl,224,82,951,651,270,262,119,10,67,0,OWL2_DL - OWL2_FULL,OWL2_DL
ore_ont_14185.owl,340,482,1152,812,330,482,0,0,0,0,OWL2_DL - OWL2_QL - OWL2_EL - OWL2_RL - OWL2_FULL,OWL2_EL
ore_ont_9690.owl,85,204,875,691,228,448,15,29,71,0,OWL2_DL - OWL2_QL - OWL2_EL - OWL2_FULL,OWL2_EL
ore_ont_8362.owl,26,100,713,627,170,445,12,23,38,0,OWL2_DL - OWL2_FULL,OWL2_DL
ore_ont_12566.owl,170,75,904,605,463,108,34,24,106,0,OWL2_DL - OWL2_FULL,OWL2_DL
ore_ont_2303.owl,142,0,1061,917,379,537,1,0,2,0,OWL2_DL - OWL2_FULL,OWL2_DL
ore_ont_13805.owl,75,161,674,587,163,416,8,1,12,0,OWL2_DL - OWL2_FULL,OWL2_DL
ore_ont_7668.owl,74,161,689,603,179,416,8,1,12,0,OWL2_DL - OWL2_FULL,OWL2_DL
ore_ont_11978.owl,67,118,727,579,226,299,54,0,81,0,OWL2_DL - OWL2_QL - OWL2_EL - OWL2_FULL,OWL2_EL
ore_ont_1172.owl,67,118,727,579,226,299,54,0,81,0,OWL2_DL - OWL2_QL - OWL2_EL - OWL2_FULL,OWL2_EL
ore_ont_8502.owl,142,392,955,810,417,392,1,0,3,0,OWL2_DL - OWL2_QL - OWL2_EL - OWL2_FULL,OWL2_EL
ore_ont_3708.owl,56,16,669,541,365,110,66,5,68,0,OWL2_DL - OWL2_FULL,OWL2_DL
ore_ont_5033.owl,62,16,684,548,371,110,67,5,70,0,OWL2_DL - OWL2_FULL,OWL2_DL
ore_ont_11416.owl,65,193,863,602,381,184,37,133,63,0,OWL2_DL - OWL2_FULL,OWL2_DL
ore_ont_1853.owl,57,16,693,556,377,110,69,7,74,0,OWL2_DL - OWL2_FULL,OWL2_DL
ore_ont_14388.owl,216,138,1302,896,256,297,343,0,191,0,OWL2_DL - OWL2_QL - OWL2_FULL,OWL2_DL
ore_ont_13035.owl,222,146,1296,885,311,297,277,0,191,0,OWL2_DL - OWL2_EL - OWL2_FULL,OWL2_EL
ore_ont_2526.owl,65,16,693,554,374,110,67,5,70,0,OWL2_DL - OWL2_FULL,OWL2_DL
ore_ont_12721.owl,61,172,766,631,182,388,61,0,74,0,OWL2_DL - OWL2_QL - OWL2_EL - OWL2_FULL,OWL2_EL
ore_ont_5205.owl,374,373,1117,742,369,373,0,1,0,0,OWL2_DL - OWL2_EL - OWL2_RL - OWL2_FULL,OWL2_EL
ore_ont_3411.owl,128,244,844,708,197,507,4,3,6,0,OWL2_DL - OWL2_FULL,OWL2_DL
ore_ont_3966.owl,590,0,1390,800,617,182,1,0,1,0,OWL2_DL - OWL2_FULL,OWL2_DL
ore_ont_1869.owl,381,373,1126,745,372,373,0,0,1,0,OWL2_DL - OWL2_EL - OWL2_RL - OWL2_FULL,OWL2_EL
ore_ont_6615.owl,66,16,711,567,383,110,73,5,74,0,OWL2_DL - OWL2_FULL,OWL2_DL
ore_ont_2608.owl,453,212,1331,877,665,212,0,0,1,0,OWL2_DL - OWL2_EL - OWL2_FULL,OWL2_EL
ore_ont_16481.owl,77,161,747,657,211,437,9,1,13,0,OWL2_DL - OWL2_FULL,OWL2_DL
ore_ont_14883.owl,125,23,742,562,393,114,55,0,56,0,OWL2_DL - OWL2_FULL,OWL2_DL
ore_ont_4875.owl,464,0,1251,785,506,279,0,0,2,0,OWL2_DL - OWL2_FULL,OWL2_DL
ore_ont_8460.owl,128,23,752,567,401,110,56,0,58,0,OWL2_DL - OWL2_FULL,OWL2_DL
ore_ont_2744.owl,289,29,1052,689,548,134,7,30,45,0,OWL2_DL - OWL2_FULL,OWL2_DL
ore_ont_1784.owl,194,23,859,607,452,101,54,0,59,0,OWL2_DL - OWL2_FULL,OWL2_DL
ore_ont_4315.owl,162,98,995,646,322,163,161,0,187,0,OWL2_DL - OWL2_QL - OWL2_EL - OWL2_RL - OWL2_FULL,OWL2_EL
ore_ont_10314.owl,98,478,1045,767,289,478,0,0,180,0,OWL2_DL - OWL2_QL - OWL2_EL - OWL2_RL - OWL2_FULL,OWL2_EL
ore_ont_1537.owl,643,194,1522,879,685,194,0,0,1,0,OWL2_DL - OWL2_QL - OWL2_EL - OWL2_FULL,OWL2_EL
ore_ont_15652.owl,62,197,824,714,492,221,1,37,11,0,OWL2_DL - OWL2_FULL,OWL2_DL
ore_ont_7342.owl,88,88,839,749,101,647,1,1,3,0,OWL2_DL - OWL2_FULL,OWL2_DL
ore_ont_3259.owl,180,119,1141,757,358,220,179,0,204,0,OWL2_DL - OWL2_QL - OWL2_EL - OWL2_RL - OWL2_FULL,OWL2_EL
ore_ont_6258.owl,215,23,956,678,517,101,60,0,64,0,OWL2_DL - OWL2_FULL,OWL2_DL
ore_ont_2556.owl,181,92,1088,703,360,163,180,0,204,0,OWL2_DL - OWL2_QL - OWL2_EL - OWL2_RL - OWL2_FULL,OWL2_EL
ore_ont_5014.owl,20,83,1026,917,255,643,19,78,12,0,OWL2_DL - OWL2_FULL,OWL2_DL
ore_ont_5216.owl,718,1,1791,1072,725,346,1,0,1,0,OWL2_DL - OWL2_FULL,OWL2_DL
ore_ont_6272.owl,77,161,747,657,211,437,9,1,13,0,OWL2_DL - OWL2_FULL,OWL2_DL
ore_ont_1705.owl,39,297,952,908,116,792,0,0,6,0,OWL2_DL - OWL2_FULL,OWL2_DL
ore_ont_13762.owl,12,115,610,521,84,382,55,0,79,0,OWL2_DL - OWL2_FULL,OWL2_DL
ore_ont_934.owl,109,147,1099,909,490,376,43,25,57,0,OWL2_DL - OWL2_FULL,OWL2_DL
ore_ont_586.owl,20,139,765,692,192,500,0,34,20,0,OWL2_DL - OWL2_FULL,OWL2_DL
ore_ont_6720.owl,313,979,1635,1322,323,999,0,0,0,0,OWL2_DL - OWL2_EL - OWL2_RL - OWL2_FULL,OWL2_EL
ore_ont_10320.owl,323,103,1195,803,457,315,31,22,48,0,OWL2_DL - OWL2_FULL,OWL2_DL
ore_ont_6983.owl,323,103,1196,804,458,315,31,22,48,0,OWL2_DL - OWL2_FULL,OWL2_DL
ore_ont_11016.owl,68,109,757,650,227,415,8,10,31,0,OWL2_DL - OWL2_FULL,OWL2_DL
ore_ont_15682.owl,178,138,896,677,347,321,9,7,12,0,OWL2_DL - OWL2_FULL,OWL2_DL
ore_ont_11577.owl,268,197,1468,1111,914,197,0,0,89,0,OWL2_DL - OWL2_QL - OWL2_EL - OWL2_RL - OWL2_FULL,OWL2_EL
ore_ont_8948.owl,342,103,1284,851,480,315,56,22,70,0,OWL2_DL - OWL2_FULL,OWL2_DL
ore_ont_16191.owl,362,103,1282,847,501,315,31,22,52,0,OWL2_DL - OWL2_FULL,OWL2_DL
ore_ont_16115.owl,677,157,1507,830,673,157,0,0,0,0,OWL2_DL - OWL2_EL - OWL2_RL - OWL2_FULL,OWL2_EL
ore_ont_5564.owl,371,103,1313,870,524,315,31,22,51,0,OWL2_DL - OWL2_FULL,OWL2_DL
ore_ont_8355.owl,68,189,1015,864,234,562,68,0,83,0,OWL2_DL - OWL2_QL - OWL2_EL - OWL2_FULL,OWL2_EL
ore_ont_11694.owl,203,282,1233,987,205,756,26,0,45,0,OWL2_DL - OWL2_EL - OWL2_FULL,OWL2_EL
ore_ont_155.owl,379,82,1243,738,580,121,37,0,128,0,OWL2_DL - OWL2_EL - OWL2_FULL,OWL2_EL
ore_ont_3726.owl,179,222,1139,925,206,704,11,16,21,0,OWL2_DL - OWL2_FULL,OWL2_DL
ore_ont_7278.owl,179,222,1139,925,206,704,11,16,21,0,OWL2_DL - OWL2_FULL,OWL2_DL
ore_ont_2488.owl,434,159,1402,899,534,315,50,0,71,0,OWL2_DL - OWL2_EL - OWL2_FULL,OWL2_EL
ore_ont_3566.owl,170,185,913,722,169,523,30,1,20,0,OWL2_DL - OWL2_FULL,OWL2_DL
ore_ont_1958.owl,652,179,1692,1022,818,189,15,1,19,0,OWL2_DL - OWL2_FULL,OWL2_DL
ore_ont_10230.owl,24,162,907,819,233,586,0,38,27,0,OWL2_DL - OWL2_FULL,OWL2_DL
ore_ont_15753.owl,55,41,543,430,195,140,0,40,19,0,OWL2_DL - OWL2_FULL,OWL2_DL
ore_ont_13898.owl,434,103,1440,934,588,315,31,22,51,0,OWL2_DL - OWL2_FULL,OWL2_DL
ore_ont_6857.owl,422,103,1456,944,587,315,42,27,64,0,OWL2_DL - OWL2_FULL,OWL2_DL
ore_ont_12932.owl,270,1224,1745,1475,251,1224,0,0,0,0,OWL2_DL - OWL2_QL - OWL2_EL - OWL2_RL - OWL2_FULL,OWL2_EL
ore_ont_4983.owl,485,159,1518,961,595,315,51,0,74,0,OWL2_DL - OWL2_EL - OWL2_FULL,OWL2_EL
ore_ont_13954.owl,138,206,975,821,384,429,8,1,16,0,OWL2_DL - OWL2_FULL,OWL2_DL
ore_ont_3010.owl,138,206,1031,877,386,482,9,1,16,0,OWL2_DL - OWL2_FULL,OWL2_DL
ore_ont_1931.owl,124,78,1048,828,534,281,13,22,75,0,OWL2_DL - OWL2_FULL,OWL2_DL
ore_ont_15413.owl,463,103,1589,1017,642,315,60,27,83,0,OWL2_DL - OWL2_FULL,OWL2_DL
ore_ont_5324.owl,504,0,2448,1944,516,1428,0,0,0,0,OWL2_DL - OWL2_RL - OWL2_FULL,OWL2_DL
ore_ont_6278.owl,451,103,1587,1016,629,315,72,27,94,0,OWL2_DL - OWL2_FULL,OWL2_DL
ore_ont_14981.owl,47,651,1509,1436,107,1315,14,6,20,0,OWL2_DL - OWL2_FULL,OWL2_DL
ore_ont_5834.owl,138,206,1043,889,386,494,9,1,16,0,OWL2_DL - OWL2_FULL,OWL2_DL
ore_ont_850.owl,138,206,1043,889,386,494,9,1,16,0,OWL2_DL - OWL2_FULL,OWL2_DL
ore_ont_2826.owl,138,206,1043,889,386,494,9,1,16,0,OWL2_DL - OWL2_FULL,OWL2_DL
ore_ont_10702.owl,138,206,1043,889,386,494,9,1,16,0,OWL2_DL - OWL2_FULL,OWL2_DL
ore_ont_3156.owl,138,206,1043,889,386,494,9,1,16,0,OWL2_DL - OWL2_FULL,OWL2_DL
ore_ont_8042.owl,138,206,1043,889,386,494,9,1,16,0,OWL2_DL - OWL2_FULL,OWL2_DL
ore_ont_8429.owl,852,67,2140,1237,1054,136,47,6,46,0,OWL2_DL - OWL2_FULL,OWL2_DL
ore_ont_4469.owl,131,89,1256,960,736,107,117,26,140,0,OWL2_DL - OWL2_FULL,OWL2_DL
ore_ont_12084.owl,484,103,1659,1084,727,315,42,27,65,0,OWL2_DL - OWL2_FULL,OWL2_DL
ore_ont_16425.owl,368,245,1304,936,361,575,0,0,0,0,OWL2_DL - OWL2_RL - OWL2_FULL,OWL2_DL
ore_ont_8280.owl,85,171,978,864,111,733,12,6,26,0,OWL2_DL - OWL2_FULL,OWL2_DL
ore_ont_4400.owl,575,602,1909,1334,732,602,0,0,0,0,OWL2_DL - OWL2_QL - OWL2_EL - OWL2_RL - OWL2_FULL,OWL2_EL
ore_ont_5539.owl,85,171,981,865,114,733,12,6,28,0,OWL2_DL - OWL2_FULL,OWL2_DL
ore_ont_10906.owl,86,171,988,869,113,733,12,6,30,0,OWL2_DL - OWL2_FULL,OWL2_DL
ore_ont_1397.owl,137,206,1037,885,383,494,8,1,15,0,OWL2_DL - OWL2_FULL,OWL2_DL
ore_ont_8786.owl,137,206,1039,886,383,494,9,1,16,0,OWL2_DL - OWL2_FULL,OWL2_DL
ore_ont_237.owl,87,171,987,869,115,733,12,6,28,0,OWL2_DL - OWL2_FULL,OWL2_DL
ore_ont_5206.owl,85,171,989,871,112,733,12,6,30,0,OWL2_DL - OWL2_FULL,OWL2_DL
ore_ont_13880.owl,88,171,1001,882,129,733,12,6,28,0,OWL2_DL - OWL2_FULL,OWL2_DL
ore_ont_16371.owl,805,83,2307,1440,983,392,65,6,57,0,OWL2_DL - OWL2_FULL,OWL2_DL
ore_ont_13646.owl,751,154,2128,1261,950,211,100,0,118,0,OWL2_DL - OWL2_EL - OWL2_FULL,OWL2_EL
ore_ont_11477.owl,202,263,1347,1121,561,551,9,1,24,0,OWL2_DL - OWL2_FULL,OWL2_DL
ore_ont_10517.owl,905,153,2619,1653,1212,374,67,6,56,0,OWL2_DL - OWL2_FULL,OWL2_DL
ore_ont_13112.owl,818,809,2446,1628,819,809,0,0,0,0,OWL2_DL - OWL2_QL - OWL2_EL - OWL2_RL - OWL2_FULL,OWL2_EL
ore_ont_16255.owl,731,159,2184,1337,922,315,100,0,118,0,OWL2_DL - OWL2_EL - OWL2_FULL,OWL2_EL
ore_ont_13404.owl,238,114,1311,907,730,177,0,0,167,0,OWL2_DL - OWL2_FULL,OWL2_DL
ore_ont_8387.owl,128,515,1641,1505,197,1304,4,3,6,0,OWL2_DL - OWL2_FULL,OWL2_DL
ore_ont_5764.owl,897,155,2650,1691,1158,470,63,6,57,0,OWL2_DL - OWL2_FULL,OWL2_DL
ore_ont_6951.owl,48,262,1480,1338,379,959,0,54,41,0,OWL2_DL - OWL2_FULL,OWL2_DL
ore_ont_16372.owl,745,23,2461,1648,1465,111,72,4,66,0,OWL2_DL - OWL2_FULL,OWL2_DL
ore_ont_12270.owl,681,206,2266,1565,872,673,20,0,22,0,OWL2_DL - OWL2_QL - OWL2_FULL,OWL2_DL
ore_ont_3344.owl,631,0,2928,2296,947,1348,1,0,1,0,OWL2_DL - OWL2_FULL,OWL2_DL
ore_ont_4961.owl,19,185,1576,1529,120,1395,14,0,29,0,OWL2_DL - OWL2_FULL,OWL2_DL
ore_ont_11115.owl,923,629,2872,1891,1099,731,61,0,59,0,OWL2_DL - OWL2_QL - OWL2_EL - OWL2_FULL,OWL2_EL
ore_ont_1211.owl,1165,0,3879,2712,1684,1028,0,0,2,0,OWL2_DL - OWL2_FULL,OWL2_DL
ore_ont_727.owl,1165,0,3879,2712,1684,1028,0,0,2,0,OWL2_DL - OWL2_FULL,OWL2_DL
ore_ont_7327.owl,894,124,2696,1674,1228,378,68,27,102,0,OWL2_DL - OWL2_FULL,OWL2_DL
ore_ont_11572.owl,861,772,2568,1707,935,772,0,0,0,0,OWL2_DL - OWL2_QL - OWL2_EL - OWL2_RL - OWL2_FULL,OWL2_EL
ore_ont_7818.owl,261,157,1810,1353,715,629,9,99,98,0,OWL2_DL - OWL2_FULL,OWL2_DL
ore_ont_12892.owl,637,1348,2938,2300,951,1348,1,0,1,0,OWL2_DL - OWL2_EL - OWL2_FULL,OWL2_EL
ore_ont_15030.owl,146,240,2098,1634,1393,240,1,159,160,0,OWL2_DL - OWL2_FULL,OWL2_DL
ore_ont_5688.owl,976,204,2888,1823,1444,315,64,0,91,0,OWL2_DL - OWL2_EL - OWL2_FULL,OWL2_EL
ore_ont_6401.owl,347,153,2233,1763,857,838,68,0,125,0,OWL2_DL - OWL2_EL - OWL2_FULL,OWL2_EL
ore_ont_13413.owl,761,4,3427,2661,1505,1153,3,0,5,0,OWL2_DL - OWL2_FULL,OWL2_DL
ore_ont_6923.owl,884,418,3637,2693,1111,1517,65,6,55,0,OWL2_DL - OWL2_FULL,OWL2_DL
ore_ont_7007.owl,69,329,2077,1945,311,1628,6,33,31,0,OWL2_DL - OWL2_FULL,OWL2_DL
ore_ont_14370.owl,321,185,2491,2120,390,1685,45,0,51,0,OWL2_DL - OWL2_EL - OWL2_FULL,OWL2_EL
ore_ont_5078.owl,873,7,4406,3531,1333,2198,0,0,2,0,OWL2_DL - OWL2_FULL,OWL2_DL
ore_ont_12965.owl,873,7,4406,3531,1333,2198,0,0,2,0,OWL2_DL - OWL2_FULL,OWL2_DL
ore_ont_7483.owl,2257,530,5564,3296,2260,1026,10,0,12,0,OWL2_DL - OWL2_QL - OWL2_EL - OWL2_FULL,OWL2_EL
ore_ont_8730.owl,82,469,2302,2124,242,1800,82,0,96,0,OWL2_DL - OWL2_QL - OWL2_EL - OWL2_FULL,OWL2_EL
ore_ont_3503.owl,1107,124,3386,2119,1659,378,82,32,129,0,OWL2_DL - OWL2_FULL,OWL2_DL
ore_ont_10026.owl,350,398,2367,1988,395,1587,6,0,30,0,OWL2_DL - OWL2_QL - OWL2_FULL,OWL2_DL
ore_ont_14353.owl,122,456,2407,2141,390,1629,122,0,144,0,OWL2_DL - OWL2_QL - OWL2_EL - OWL2_FULL,OWL2_EL
ore_ont_16056.owl,309,213,2211,1898,1439,459,0,0,4,0,OWL2_DL - OWL2_FULL,OWL2_DL
ore_ont_13405.owl,72,151,1612,1426,327,991,108,17,98,0,OWL2_DL - OWL2_FULL,OWL2_DL
ore_ont_8640.owl,803,329,2987,1919,1149,686,84,0,267,0,OWL2_DL - OWL2_QL - OWL2_FULL,OWL2_DL
ore_ont_15741.owl,1187,0,5261,4073,1687,2385,1,0,1,0,OWL2_DL - OWL2_FULL,OWL2_DL
ore_ont_14285.owl,110,580,1847,1669,255,1344,70,12,60,0,OWL2_DL - OWL2_FULL,OWL2_DL
ore_ont_14667.owl,1046,4,6053,5002,2266,2733,3,0,5,0,OWL2_DL - OWL2_FULL,OWL2_DL
ore_ont_8744.owl,1836,0,7172,5328,2248,3076,4,0,8,0,OWL2_DL - OWL2_FULL,OWL2_DL
ore_ont_1117.owl,777,772,4652,3875,871,3003,1,0,1,0,OWL2_DL - OWL2_FULL,OWL2_DL
ore_ont_9947.owl,2411,2410,7295,4884,2415,2469,0,0,0,0,OWL2_DL - OWL2_QL - OWL2_EL - OWL2_RL - OWL2_FULL,OWL2_EL
ore_ont_3545.owl,39,501,3244,3147,141,2922,84,5,53,0,OWL2_DL - OWL2_FULL,OWL2_DL
ore_ont_7778.owl,2016,6,7129,5100,2197,2900,3,0,13,0,OWL2_DL - OWL2_FULL,OWL2_DL
ore_ont_6817.owl,777,772,5336,4559,871,3687,1,0,1,0,OWL2_DL - OWL2_FULL,OWL2_DL
ore_ont_14912.owl,1155,7,7895,6712,1826,4843,43,0,28,0,OWL2_DL - OWL2_FULL,OWL2_DL
ore_ont_9248.owl,1993,150,5772,3552,2958,465,129,36,192,0,OWL2_DL - OWL2_FULL,OWL2_DL
ore_ont_7817.owl,2103,150,5916,3587,3098,361,128,36,191,0,OWL2_DL - OWL2_FULL,OWL2_DL
ore_ont_6727.owl,2096,150,5995,3672,3078,465,129,36,192,0,OWL2_DL - OWL2_FULL,OWL2_DL
ore_ont_12325.owl,2135,153,6102,3739,3140,470,129,36,193,0,OWL2_DL - OWL2_FULL,OWL2_DL
ore_ont_5149.owl,699,2907,6399,5697,692,5005,0,0,3,0,OWL2_DL - OWL2_QL - OWL2_EL - OWL2_RL - OWL2_FULL,OWL2_EL
ore_ont_2749.owl,39,720,3963,3861,275,3580,6,33,31,0,OWL2_DL - OWL2_FULL,OWL2_DL
ore_ont_8940.owl,1669,2,9106,7415,2011,5387,17,0,22,0,OWL2_DL - OWL2_FULL,OWL2_DL
ore_ont_7108.owl,2198,187,6371,3932,3245,548,139,36,206,0,OWL2_DL - OWL2_FULL,OWL2_DL
ore_ont_11635.owl,1669,2,9502,7811,2407,5387,17,0,22,0,OWL2_DL - OWL2_FULL,OWL2_DL
ore_ont_572.owl,113,565,5422,5229,271,4889,69,21,60,0,OWL2_DL - OWL2_FULL,OWL2_DL
ore_ont_3916.owl,39,797,4497,4395,275,4114,6,33,31,0,OWL2_DL - OWL2_FULL,OWL2_DL
ore_ont_4903.owl,1876,280,5222,3240,2775,350,115,5,102,0,OWL2_DL - OWL2_FULL,OWL2_DL
ore_ont_12916.owl,2457,202,6983,4295,3588,577,130,36,196,0,OWL2_DL - OWL2_FULL,OWL2_DL
ore_ont_7743.owl,2568,8,10125,7539,3127,4405,7,0,18,0,OWL2_DL - OWL2_FULL,OWL2_DL
ore_ont_13837.owl,225,1739,4876,4589,469,4114,6,0,64,0,OWL2_DL - OWL2_EL - OWL2_FULL,OWL2_EL
ore_ont_7680.owl,3609,3608,10889,7280,3613,3667,0,0,0,0,OWL2_DL - OWL2_QL - OWL2_EL - OWL2_RL - OWL2_FULL,OWL2_EL
ore_ont_6822.owl,749,570,4600,3782,2473,1295,14,26,44,0,OWL2_DL - OWL2_FULL,OWL2_DL
ore_ont_6146.owl,1931,2,11076,9125,2306,6802,17,0,20,0,OWL2_DL - OWL2_FULL,OWL2_DL
ore_ont_928.owl,1826,5473,10041,8160,2614,5473,73,0,56,0,OWL2_DL - OWL2_EL - OWL2_FULL,OWL2_EL
ore_ont_13755.owl,4361,0,9080,4717,4402,315,0,0,2,0,OWL2_DL - OWL2_FULL,OWL2_DL
ore_ont_9053.owl,2227,1158,9797,7472,4010,3404,58,39,60,0,OWL2_DL - OWL2_FULL,OWL2_DL
ore_ont_3381.owl,3138,156,8361,4990,4486,373,131,36,198,0,OWL2_DL - OWL2_FULL,OWL2_DL
ore_ont_399.owl,3160,156,8524,5130,4522,477,131,36,199,0,OWL2_DL - OWL2_FULL,OWL2_DL
ore_ont_13139.owl,2140,3,12537,10373,2785,7568,20,0,24,0,OWL2_DL - OWL2_FULL,OWL2_DL
ore_ont_14860.owl,287,1372,6281,5920,546,5367,7,30,45,0,OWL2_DL - OWL2_FULL,OWL2_DL
ore_ont_11910.owl,2143,3,12558,10391,2803,7568,20,0,24,0,OWL2_DL - OWL2_FULL,OWL2_DL
ore_ont_9249.owl,154,1204,6609,6433,247,6180,6,1,22,0,OWL2_DL - OWL2_FULL,OWL2_DL
ore_ont_11626.owl,1974,5,9520,7545,3698,3846,1,0,1,0,OWL2_DL - OWL2_FULL,OWL2_DL
ore_ont_8933.owl,1275,15,12621,11342,2177,9161,4,0,4,0,OWL2_DL - OWL2_FULL,OWL2_DL
ore_ont_7372.owl,1275,15,12621,11342,2177,9161,4,0,4,0,OWL2_DL - OWL2_FULL,OWL2_DL
ore_ont_14863.owl,1784,7,12958,11167,2116,9048,3,0,8,0,OWL2_DL - OWL2_FULL,OWL2_DL
ore_ont_1065.owl,2067,1,12104,10036,2349,7686,1,0,1,0,OWL2_DL - OWL2_RL - OWL2_FULL,OWL2_DL
ore_ont_5669.owl,2140,3,12761,10597,3009,7568,20,0,24,0,OWL2_DL - OWL2_FULL,OWL2_DL
ore_ont_16509.owl,2419,0,12663,10233,3169,7055,9,0,11,0,OWL2_DL - OWL2_FULL,OWL2_DL
ore_ont_7180.owl,2478,0,12904,10415,3228,7178,9,0,11,0,OWL2_DL - OWL2_FULL,OWL2_DL
ore_ont_12000.owl,3300,0,14829,11528,5423,6104,1,0,1,0,OWL2_DL - OWL2_FULL,OWL2_DL
ore_ont_16547.owl,3300,0,14846,11545,5440,6104,1,0,1,0,OWL2_DL - OWL2_FULL,OWL2_DL
ore_ont_15184.owl,2999,1135,9904,6376,4129,1872,375,32,498,0,OWL2_DL - OWL2_FULL,OWL2_DL
ore_ont_13857.owl,2999,1135,9912,6384,4129,1880,375,32,498,0,OWL2_DL - OWL2_FULL,OWL2_DL
ore_ont_14593.owl,2994,1152,9943,6429,4117,1930,382,32,489,0,OWL2_DL - OWL2_FULL,OWL2_DL
ore_ont_9382.owl,2994,1152,9943,6429,4117,1930,382,32,489,0,OWL2_DL - OWL2_FULL,OWL2_DL
ore_ont_9558.owl,2999,1135,9939,6411,4128,1908,375,32,498,0,OWL2_DL - OWL2_FULL,OWL2_DL
ore_ont_6815.owl,2999,1135,9940,6412,4129,1908,375,32,498,0,OWL2_DL - OWL2_FULL,OWL2_DL
ore_ont_9758.owl,2999,1135,9940,6412,4129,1908,375,32,498,0,OWL2_DL - OWL2_FULL,OWL2_DL
ore_ont_2531.owl,2994,1152,9969,6443,4129,1932,382,32,501,0,OWL2_DL - OWL2_FULL,OWL2_DL
ore_ont_14331.owl,3005,1152,9996,6459,4145,1932,382,32,501,0,OWL2_DL - OWL2_FULL,OWL2_DL
ore_ont_253.owl,1859,2390,10356,8493,3709,4780,4,0,4,0,OWL2_DL - OWL2_EL - OWL2_FULL,OWL2_EL
ore_ont_10423.owl,3024,1173,10115,6561,4162,2023,376,32,499,0,OWL2_DL - OWL2_FULL,OWL2_DL
ore_ont_6354.owl,3724,1270,10730,6503,4331,1704,468,0,504,0,OWL2_DL - OWL2_QL - OWL2_FULL,OWL2_DL
ore_ont_4260.owl,2366,7,14791,12421,4430,7989,2,0,4,0,OWL2_DL - OWL2_FULL,OWL2_DL
ore_ont_15917.owl,3018,0,13362,10340,4863,5474,3,0,4,0,OWL2_DL - OWL2_FULL,OWL2_DL
ore_ont_15341.owl,3044,0,13480,10431,4832,5596,3,0,5,0,OWL2_DL - OWL2_FULL,OWL2_DL
ore_ont_13840.owl,3044,0,13480,10431,4832,5596,3,0,5,0,OWL2_DL - OWL2_FULL,OWL2_DL
ore_ont_1539.owl,2996,1135,10166,6641,4129,2137,375,32,498,0,OWL2_DL - OWL2_FULL,OWL2_DL
ore_ont_14255.owl,2999,1135,10183,6655,4129,2151,375,32,498,0,OWL2_DL - OWL2_FULL,OWL2_DL
ore_ont_8326.owl,2991,1152,10195,6672,4129,2161,382,32,501,0,OWL2_DL - OWL2_FULL,OWL2_DL
ore_ont_10588.owl,3000,1135,10188,6660,4129,2156,375,32,497,0,OWL2_DL - OWL2_FULL,OWL2_DL
ore_ont_8684.owl,2999,1135,10188,6660,4126,2159,375,32,498,0,OWL2_DL - OWL2_FULL,OWL2_DL
ore_ont_13150.owl,2999,1135,10191,6663,4130,2158,375,32,498,0,OWL2_DL - OWL2_FULL,OWL2_DL
ore_ont_259.owl,2999,1135,10191,6663,4129,2159,375,32,498,0,OWL2_DL - OWL2_FULL,OWL2_DL
ore_ont_4162.owl,2999,1135,10191,6663,4129,2159,375,32,498,0,OWL2_DL - OWL2_FULL,OWL2_DL
ore_ont_8359.owl,2999,1135,10191,6663,4129,2159,375,32,498,0,OWL2_DL - OWL2_FULL,OWL2_DL
ore_ont_8286.owl,2999,1135,10191,6663,4129,2159,375,32,498,0,OWL2_DL - OWL2_FULL,OWL2_DL
ore_ont_4515.owl,2999,1135,10191,6663,4129,2159,375,32,498,0,OWL2_DL - OWL2_FULL,OWL2_DL
ore_ont_16565.owl,2999,1135,10192,6664,4130,2159,375,32,498,0,OWL2_DL - OWL2_FULL,OWL2_DL
ore_ont_12884.owl,2999,1135,10192,6664,4130,2159,375,32,498,0,OWL2_DL - OWL2_FULL,OWL2_DL
ore_ont_4581.owl,3001,1142,10205,6675,4131,2169,375,32,498,0,OWL2_DL - OWL2_FULL,OWL2_DL
ore_ont_9186.owl,2995,1152,10220,6694,4129,2183,382,32,500,0,OWL2_DL - OWL2_FULL,OWL2_DL
ore_ont_15352.owl,2994,1152,10220,6694,4129,2183,382,32,501,0,OWL2_DL - OWL2_FULL,OWL2_DL
ore_ont_8171.owl,2994,1152,10220,6694,4129,2183,382,32,501,0,OWL2_DL - OWL2_FULL,OWL2_DL
ore_ont_5543.owl,2994,1152,10220,6694,4129,2183,382,32,501,0,OWL2_DL - OWL2_FULL,OWL2_DL
ore_ont_9037.owl,2994,1152,10221,6695,4130,2183,382,32,501,0,OWL2_DL - OWL2_FULL,OWL2_DL
ore_ont_7775.owl,1398,1483,6688,5257,2892,2328,37,1,32,0,OWL2_DL - OWL2_FULL,OWL2_DL
ore_ont_12474.owl,3006,1152,10245,6707,4150,2175,382,32,501,0,OWL2_DL - OWL2_FULL,OWL2_DL
ore_ont_13700.owl,2554,1884,7219,4625,2687,1895,43,7,33,0,OWL2_DL - OWL2_FULL,OWL2_DL
ore_ont_13851.owl,3535,1226,10569,6698,4841,1670,187,29,308,0,OWL2_DL - OWL2_FULL,OWL2_DL
ore_ont_14919.owl,3008,1165,10247,6710,4141,2194,375,32,498,0,OWL2_DL - OWL2_FULL,OWL2_DL
ore_ont_8668.owl,3535,1226,10575,6704,4842,1675,187,29,308,0,OWL2_DL - OWL2_FULL,OWL2_DL
ore_ont_11696.owl,3535,1226,10576,6705,4842,1676,187,29,308,0,OWL2_DL - OWL2_FULL,OWL2_DL
ore_ont_16017.owl,3535,1226,10579,6708,4842,1679,187,29,308,0,OWL2_DL - OWL2_FULL,OWL2_DL
ore_ont_14183.owl,3539,1226,10585,6709,4847,1675,187,29,308,0,OWL2_DL - OWL2_FULL,OWL2_DL
ore_ont_6847.owl,3534,1226,10578,6708,4840,1681,187,29,308,0,OWL2_DL - OWL2_FULL,OWL2_DL
ore_ont_4958.owl,3535,1226,10579,6708,4840,1681,187,29,308,0,OWL2_DL - OWL2_FULL,OWL2_DL
ore_ont_4429.owl,3005,1178,10273,6736,4144,2210,382,32,501,0,OWL2_DL - OWL2_FULL,OWL2_DL
ore_ont_10058.owl,3535,1226,10583,6713,4840,1686,187,29,307,0,OWL2_DL - OWL2_FULL,OWL2_DL
ore_ont_3584.owl,2998,1164,10277,6747,4135,2230,382,32,501,0,OWL2_DL - OWL2_FULL,OWL2_DL
ore_ont_4188.owl,3535,1226,10585,6714,4841,1686,187,29,308,0,OWL2_DL - OWL2_FULL,OWL2_DL
ore_ont_4770.owl,3535,1226,10585,6714,4841,1686,187,29,308,0,OWL2_DL - OWL2_FULL,OWL2_DL
ore_ont_7084.owl,3043,1135,10286,6713,4190,2148,375,33,498,0,OWL2_DL - OWL2_FULL,OWL2_DL
ore_ont_11289.owl,3539,1226,10595,6719,4847,1685,187,29,308,0,OWL2_DL - OWL2_FULL,OWL2_DL
ore_ont_11948.owl,3539,1226,10595,6719,4847,1685,187,29,308,0,OWL2_DL - OWL2_FULL,OWL2_DL
ore_ont_8719.owl,2998,1176,10274,6744,4137,2225,382,32,501,0,OWL2_DL - OWL2_FULL,OWL2_DL
ore_ont_14878.owl,3562,1226,10621,6723,4873,1663,187,29,308,0,OWL2_DL - OWL2_FULL,OWL2_DL
ore_ont_4092.owl,3535,1226,10597,6726,4840,1699,187,29,308,0,OWL2_DL - OWL2_FULL,OWL2_DL
ore_ont_15355.owl,2147,7568,12571,10397,2805,7568,24,0,28,0,OWL2_DL - OWL2_EL - OWL2_FULL,OWL2_EL
ore_ont_5298.owl,3555,1226,10630,6739,4866,1686,187,29,308,0,OWL2_DL - OWL2_FULL,OWL2_DL
ore_ont_14237.owl,3538,1226,10618,6744,4846,1711,187,29,308,0,OWL2_DL - OWL2_FULL,OWL2_DL
ore_ont_13679.owl,3044,1152,10345,6760,4192,2183,385,32,510,0,OWL2_DL - OWL2_FULL,OWL2_DL
ore_ont_7537.owl,3535,1226,10644,6773,4840,1746,187,29,308,0,OWL2_DL - OWL2_FULL,OWL2_DL
ore_ont_5398.owl,3546,1226,10672,6790,4858,1745,187,29,308,0,OWL2_DL - OWL2_FULL,OWL2_DL
ore_ont_336.owl,3587,1231,10691,6768,4901,1680,187,29,308,0,OWL2_DL - OWL2_FULL,OWL2_DL
ore_ont_9534.owl,3052,1177,10383,6801,4206,2220,375,33,498,0,OWL2_DL - OWL2_FULL,OWL2_DL
ore_ont_14286.owl,2366,7,14791,12421,4430,7989,2,0,4,0,OWL2_DL - OWL2_FULL,OWL2_DL
ore_ont_2213.owl,3016,1190,10420,6869,4165,2321,383,32,504,0,OWL2_DL - OWL2_FULL,OWL2_DL
ore_ont_11989.owl,3010,1135,10359,6820,4150,2295,375,32,498,0,OWL2_DL - OWL2_FULL,OWL2_DL
ore_ont_12468.owl,2997,1135,10377,6851,4130,2346,375,32,498,0,OWL2_DL - OWL2_FULL,OWL2_DL
ore_ont_13674.owl,3005,1152,10388,6851,4150,2319,382,32,501,0,OWL2_DL - OWL2_FULL,OWL2_DL
ore_ont_9896.owl,2393,0,14473,12076,3684,8389,3,0,4,0,OWL2_DL - OWL2_FULL,OWL2_DL
ore_ont_3771.owl,2231,426,5324,3093,2622,471,0,0,0,0,OWL2_DL - OWL2_QL - OWL2_EL - OWL2_RL - OWL2_FULL,OWL2_EL
ore_ont_891.owl,3539,1226,10783,6907,4845,1875,187,29,308,0,OWL2_DL - OWL2_FULL,OWL2_DL
ore_ont_10892.owl,3535,1226,10826,6955,4840,1928,187,29,308,0,OWL2_DL - OWL2_FULL,OWL2_DL
ore_ont_4423.owl,3538,1226,10820,6945,4843,1915,187,30,308,0,OWL2_DL - OWL2_FULL,OWL2_DL
ore_ont_1062.owl,3538,1226,10820,6945,4843,1915,187,30,308,0,OWL2_DL - OWL2_FULL,OWL2_DL
ore_ont_14367.owl,3008,1220,10650,7111,4152,2584,375,32,500,0,OWL2_DL - OWL2_FULL,OWL2_DL
ore_ont_8688.owl,3003,1237,10679,7142,4152,2608,382,32,503,0,OWL2_DL - OWL2_FULL,OWL2_DL
ore_ont_6892.owl,3227,1137,10721,6958,4419,2162,377,33,504,0,OWL2_DL - OWL2_FULL,OWL2_DL
ore_ont_7015.owl,2356,963,15949,13590,2484,11106,0,0,3,0,OWL2_DL - OWL2_FULL,OWL2_DL
ore_ont_13078.owl,1903,2723,11157,9250,3800,5446,4,0,4,0,OWL2_DL - OWL2_EL - OWL2_FULL,OWL2_EL
ore_ont_7188.owl,1903,2723,11157,9250,3800,5446,4,0,4,0,OWL2_DL - OWL2_EL - OWL2_FULL,OWL2_EL
ore_ont_15013.owl,3304,6104,14851,11547,5442,6104,1,0,1,0,OWL2_DL - OWL2_EL - OWL2_FULL,OWL2_EL
ore_ont_4587.owl,3544,1261,11085,7205,4853,2165,187,29,308,0,OWL2_DL - OWL2_FULL,OWL2_DL
ore_ont_13336.owl,3731,1543,11471,7226,4338,2402,486,0,515,0,OWL2_DL - OWL2_QL - OWL2_FULL,OWL2_DL
ore_ont_12152.owl,3724,1290,11424,7173,4772,1934,467,0,529,0,OWL2_DL - OWL2_EL - OWL2_FULL,OWL2_EL
ore_ont_10481.owl,3731,1290,11444,7186,4785,1934,467,0,529,0,OWL2_DL - OWL2_EL - OWL2_FULL,OWL2_EL
ore_ont_16759.owl,3732,1267,11621,7368,4776,2139,453,0,523,0,OWL2_DL - OWL2_EL - OWL2_FULL,OWL2_EL
ore_ont_16124.owl,3729,1272,11627,7378,4772,2153,453,0,522,0,OWL2_DL - OWL2_EL - OWL2_FULL,OWL2_EL
ore_ont_1469.owl,3723,1290,11673,7424,4772,2185,467,0,528,0,OWL2_DL - OWL2_EL - OWL2_FULL,OWL2_EL
ore_ont_11124.owl,2375,7,15622,13212,5112,8085,15,0,35,0,OWL2_DL - OWL2_FULL,OWL2_DL
ore_ont_11131.owl,3047,5596,13488,10435,4836,5596,3,0,6,0,OWL2_DL - OWL2_QL - OWL2_FULL,OWL2_DL
ore_ont_4182.owl,1819,6255,12063,10213,2614,7579,20,0,32,0,OWL2_DL - OWL2_EL - OWL2_FULL,OWL2_EL
ore_ont_11305.owl,3661,346,9590,5793,5216,425,152,9,128,0,OWL2_DL - OWL2_FULL,OWL2_DL
ore_ont_1965.owl,3740,1272,11803,7543,4793,2297,453,0,522,0,OWL2_DL - OWL2_EL - OWL2_FULL,OWL2_EL
ore_ont_15475.owl,3754,1393,11907,7633,4806,2374,453,0,522,0,OWL2_DL - OWL2_EL - OWL2_FULL,OWL2_EL
ore_ont_8844.owl,4396,1313,12380,7637,5633,1722,282,0,349,0,OWL2_DL - OWL2_EL - OWL2_FULL,OWL2_EL
ore_ont_14191.owl,4396,1306,12402,7664,5628,1754,282,0,344,0,OWL2_DL - OWL2_EL - OWL2_FULL,OWL2_EL
ore_ont_9800.owl,1681,1955,11587,9831,2486,7337,8,34,42,0,OWL2_DL - OWL2_FULL,OWL2_DL
ore_ont_4780.owl,4417,1321,12624,7859,5653,1924,282,0,350,0,OWL2_DL - OWL2_EL - OWL2_FULL,OWL2_EL
ore_ont_3839.owl,6602,0,18555,11953,6603,5350,0,0,0,0,OWL2_DL - OWL2_RL - OWL2_FULL,OWL2_DL
ore_ont_9257.owl,6602,0,18555,11953,6603,5350,0,0,0,0,OWL2_DL - OWL2_RL - OWL2_FULL,OWL2_DL
ore_ont_10608.owl,2377,8082,14918,12537,4453,8082,2,0,4,0,OWL2_DL - OWL2_QL - OWL2_FULL,OWL2_DL
ore_ont_10991.owl,2370,7989,14796,12423,4432,7989,2,0,4,0,OWL2_DL - OWL2_EL - OWL2_FULL,OWL2_EL
ore_ont_14258.owl,1913,3,19299,17382,2598,14780,4,0,4,0,OWL2_DL - OWL2_FULL,OWL2_DL
ore_ont_7488.owl,1672,10772,14772,13074,2282,10772,20,0,26,0,OWL2_DL - OWL2_QL - OWL2_FULL,OWL2_DL
ore_ont_13124.owl,3779,0,16809,13026,7165,5858,3,0,4,0,OWL2_DL - OWL2_FULL,OWL2_DL
ore_ont_5841.owl,5703,1466,16745,10788,9109,1480,199,39,215,0,OWL2_DL - OWL2_FULL,OWL2_DL
ore_ont_7195.owl,2878,9,19474,16591,5310,11276,5,0,5,0,OWL2_DL - OWL2_FULL,OWL2_DL
ore_ont_16453.owl,1867,0,18671,16802,2732,14069,1,0,2,0,OWL2_DL - OWL2_FULL,OWL2_DL
ore_ont_13949.owl,2920,9,19893,16968,5421,11542,5,0,5,0,OWL2_DL - OWL2_FULL,OWL2_DL
ore_ont_15921.owl,187,3307,8874,8624,385,8234,5,0,64,0,OWL2_DL - OWL2_QL - OWL2_EL - OWL2_FULL,OWL2_EL
ore_ont_5492.owl,4366,0,21274,16900,4454,12442,4,0,8,0,OWL2_DL - OWL2_FULL,OWL2_DL
ore_ont_1112.owl,4366,0,21274,16900,4454,12442,4,0,8,0,OWL2_DL - OWL2_FULL,OWL2_DL
ore_ont_12665.owl,4366,0,21281,16907,4453,12450,4,0,8,0,OWL2_DL - OWL2_FULL,OWL2_DL
ore_ont_9881.owl,269,4297,12947,12633,533,12076,24,19,27,0,OWL2_DL - OWL2_FULL,OWL2_DL
ore_ont_11411.owl,300,4297,13009,12664,564,12076,24,19,27,0,OWL2_DL - OWL2_FULL,OWL2_DL
ore_ont_10197.owl,300,4297,13009,12664,564,12076,24,19,27,0,OWL2_DL - OWL2_FULL,OWL2_DL
ore_ont_9386.owl,777,2379,10923,10120,1092,9016,12,0,27,0,OWL2_DL - OWL2_EL - OWL2_FULL,OWL2_EL
ore_ont_16750.owl,219,2197,11340,11103,367,10730,6,0,19,0,OWL2_DL - OWL2_FULL,OWL2_DL
ore_ont_950.owl,293,2045,11927,11612,545,11061,6,1,22,0,OWL2_DL - OWL2_FULL,OWL2_DL
ore_ont_13991.owl,3120,4088,12263,8229,4025,4088,116,313,465,0,OWL2_DL - OWL2_FULL,OWL2_DL
ore_ont_7203.owl,6725,6,21531,14769,8783,5974,12,0,39,0,OWL2_DL - OWL2_FULL,OWL2_DL
ore_ont_9596.owl,6136,0,18960,12823,12163,660,0,0,1,0,OWL2_DL - OWL2_FULL,OWL2_DL
ore_ont_4609.owl,206,4282,13830,13556,595,12844,117,3,66,0,OWL2_DL - OWL2_FULL,OWL2_DL
ore_ont_15680.owl,206,4282,13830,13556,595,12844,117,3,66,0,OWL2_DL - OWL2_FULL,OWL2_DL
ore_ont_8627.owl,221,4237,10504,10221,465,9750,6,0,64,0,OWL2_DL - OWL2_EL - OWL2_FULL,OWL2_EL
ore_ont_3781.owl,5949,0,17258,11307,10916,391,0,0,2,0,OWL2_DL - OWL2_FULL,OWL2_DL
ore_ont_7356.owl,5953,391,17263,11309,10918,391,0,0,2,0,OWL2_DL - OWL2_EL - OWL2_FULL,OWL2_EL
ore_ont_10425.owl,19,290,12656,12566,173,12339,54,62,10,0,OWL2_DL - OWL2_FULL,OWL2_DL
ore_ont_4567.owl,4265,3573,19191,14450,8271,5949,230,49,428,0,OWL2_DL - OWL2_FULL,OWL2_DL
ore_ont_10384.owl,3832,0,23394,19558,7277,12278,3,0,4,0,OWL2_DL - OWL2_FULL,OWL2_DL
ore_ont_2624.owl,3832,0,23394,19558,7277,12278,3,0,4,0,OWL2_DL - OWL2_FULL,OWL2_DL
ore_ont_22.owl,2208,0,20920,18698,4059,14635,4,0,14,0,OWL2_DL - OWL2_FULL,OWL2_DL
ore_ont_8705.owl,6326,5,22331,16002,10911,5088,3,0,3,0,OWL2_DL - OWL2_FULL,OWL2_DL
ore_ont_2578.owl,6326,5,22331,16002,10911,5088,3,0,3,0,OWL2_DL - OWL2_FULL,OWL2_DL
ore_ont_3516.owl,2726,0,16818,14084,13461,620,3,0,8,0,OWL2_DL - OWL2_FULL,OWL2_DL
ore_ont_15063.owl,124,1605,12040,11871,268,11575,27,37,11,0,OWL2_DL - OWL2_FULL,OWL2_DL
ore_ont_8779.owl,187,4354,11648,11398,385,11008,5,0,64,0,OWL2_DL - OWL2_QL - OWL2_EL - OWL2_FULL,OWL2_EL
ore_ont_8882.owl,221,4355,11762,11479,465,11008,6,0,64,0,OWL2_DL - OWL2_EL - OWL2_FULL,OWL2_EL
ore_ont_7345.owl,23,2221,9972,9759,391,9284,80,30,160,0,OWL2_DL - OWL2_FULL,OWL2_DL
ore_ont_9303.owl,726,2125,11295,10505,2405,8089,11,27,37,0,OWL2_DL - OWL2_FULL,OWL2_DL
ore_ont_2792.owl,3829,2423,14984,10737,7378,3165,194,46,373,0,OWL2_DL - OWL2_FULL,OWL2_DL
ore_ont_5721.owl,126,5574,13575,13372,251,13058,63,0,79,0,OWL2_DL - OWL2_EL - OWL2_FULL,OWL2_EL
ore_ont_802.owl,1395,3764,13078,11596,1571,10016,9,49,39,0,OWL2_DL - OWL2_FULL,OWL2_DL
ore_ont_15871.owl,133,3347,15327,15182,155,15025,2,3,10,0,OWL2_DL - OWL2_FULL,OWL2_DL
ore_ont_205.owl,5496,149,17893,12291,11953,223,115,0,107,0,OWL2_DL - OWL2_FULL,OWL2_DL
ore_ont_13082.owl,206,1617,13370,13159,258,12900,1,2,3,0,OWL2_DL - OWL2_FULL,OWL2_DL
ore_ont_4639.owl,2795,1,26028,23228,10550,12674,4,0,5,0,OWL2_DL - OWL2_FULL,OWL2_DL
ore_ont_7251.owl,6731,0,29333,22597,8410,14187,0,0,5,0,OWL2_DL - OWL2_FULL,OWL2_DL
ore_ont_10949.owl,1728,9486,18088,14881,5256,9486,139,379,1101,0,OWL2_DL - OWL2_FULL,OWL2_DL
ore_ont_8148.owl,3878,3089,17186,12870,7486,5183,201,47,392,0,OWL2_DL - OWL2_FULL,OWL2_DL
ore_ont_6792.owl,458,3532,13314,12799,828,11939,32,0,59,0,OWL2_DL - OWL2_EL - OWL2_FULL,OWL2_EL
ore_ont_1767.owl,1934,1,34403,32465,3520,28941,4,0,4,0,OWL2_DL - OWL2_FULL,OWL2_DL
ore_ont_12191.owl,5823,5462,26875,20398,11287,8762,349,56,599,0,OWL2_DL - OWL2_FULL,OWL2_DL
ore_ont_3562.owl,7041,11,29459,22399,12477,9912,10,0,19,0,OWL2_DL - OWL2_FULL,OWL2_DL
ore_ont_668.owl,322,2466,16643,16001,1435,14180,386,73,247,0,OWL2_DL - OWL2_FULL,OWL2_DL
ore_ont_8989.owl,39,3041,15549,15447,275,15166,6,33,31,0,OWL2_DL - OWL2_FULL,OWL2_DL
ore_ont_4127.owl,2799,12674,26033,23230,10552,12674,4,0,5,0,OWL2_DL - OWL2_EL - OWL2_FULL,OWL2_EL
ore_ont_13690.owl,6873,11,31773,24882,14341,10531,10,0,18,0,OWL2_DL - OWL2_FULL,OWL2_DL
ore_ont_4662.owl,8342,0,33367,25024,8339,16685,0,0,1,0,OWL2_DL - OWL2_FULL,OWL2_DL
ore_ont_257.owl,716,2871,16945,16189,924,15258,7,20,21,0,OWL2_DL - OWL2_FULL,OWL2_DL
ore_ont_13230.owl,680,2888,16963,16243,879,15357,7,20,21,0,OWL2_DL - OWL2_FULL,OWL2_DL
ore_ont_12284.owl,7081,0,34884,27798,12531,15267,0,0,5,0,OWL2_DL - OWL2_FULL,OWL2_DL
ore_ont_11126.owl,12,297,21080,20979,149,20750,80,84,6,0,OWL2_DL - OWL2_FULL,OWL2_DL
ore_ont_2719.owl,7232,0,35670,28432,12772,15660,0,0,6,0,OWL2_DL - OWL2_FULL,OWL2_DL
ore_ont_9792.owl,5899,2465,25356,19279,8364,10889,26,0,178,0,OWL2_DL - OWL2_QL - OWL2_EL - OWL2_RL - OWL2_FULL,OWL2_EL
ore_ont_10080.owl,3535,161,32165,28509,28106,295,108,6,118,0,OWL2_DL - OWL2_FULL,OWL2_DL
ore_ont_8792.owl,9800,1,45349,35549,13044,22505,0,0,0,0,OWL2_DL - OWL2_RL - OWL2_FULL,OWL2_DL
ore_ont_10951.owl,334,4330,22425,22073,591,21476,6,0,19,0,OWL2_DL - OWL2_FULL,OWL2_DL
ore_ont_5548.owl,8222,661,24064,15815,8765,7049,1,25,3,0,OWL2_DL - OWL2_FULL,OWL2_DL
ore_ont_1743.owl,7236,15660,35675,28434,12774,15660,0,0,6,0,OWL2_DL - OWL2_EL - OWL2_FULL,OWL2_EL
ore_ont_5368.owl,6104,6101,30571,24449,6148,18301,0,15,3,0,OWL2_DL - OWL2_FULL,OWL2_DL
ore_ont_9577.owl,7782,7805,38329,29607,16481,12551,575,69,872,0,OWL2_DL - OWL2_FULL,OWL2_DL
ore_ont_4775.owl,435,5180,27199,26744,773,25965,6,1,20,0,OWL2_DL - OWL2_FULL,OWL2_DL
ore_ont_13052.owl,8223,4666,36789,28536,13270,15265,1,28,3,0,OWL2_DL - OWL2_FULL,OWL2_DL
ore_ont_9739.owl,8022,22,46166,38119,16014,22079,26,0,25,0,OWL2_DL - OWL2_FULL,OWL2_DL
ore_ont_239.owl,8022,22,46166,38119,16014,22079,26,0,25,0,OWL2_DL - OWL2_FULL,OWL2_DL
ore_ont_8441.owl,7802,22,50419,42596,19450,23122,24,0,21,0,OWL2_DL - OWL2_FULL,OWL2_DL
ore_ont_7174.owl,7802,22,50419,42596,19450,23122,24,0,21,0,OWL2_DL - OWL2_FULL,OWL2_DL
ore_ont_1954.owl,6993,7860,23125,16132,8272,7860,0,0,0,0,OWL2_DL - OWL2_QL - OWL2_EL - OWL2_RL - OWL2_FULL,OWL2_EL
ore_ont_11282.owl,30810,653,61623,30804,30143,653,8,0,10,0,OWL2_DL - OWL2_FULL,OWL2_DL
ore_ont_7706.owl,11596,9,56766,45144,18148,26987,9,0,26,0,OWL2_DL - OWL2_FULL,OWL2_DL
ore_ont_16542.owl,2622,12573,43149,40482,2876,37582,24,19,27,0,OWL2_DL - OWL2_FULL,OWL2_DL
ore_ont_14223.owl,8026,22079,48323,40267,18158,22079,30,0,31,0,OWL2_DL - OWL2_QL - OWL2_FULL,OWL2_DL
ore_ont_11085.owl,22643,9486,57551,33151,22831,9486,834,0,1758,0,OWL2_DL - OWL2_QL - OWL2_FULL,OWL2_DL
ore_ont_12452.owl,9170,36303,56653,47483,11179,36303,1,0,1,0,OWL2_DL - OWL2_EL - OWL2_RL - OWL2_FULL,OWL2_EL
ore_ont_9694.owl,2624,12573,43173,40504,2898,37582,24,19,27,0,OWL2_DL - OWL2_FULL,OWL2_DL
ore_ont_14897.owl,4274,3,64436,60111,11310,48772,29,0,51,0,OWL2_DL - OWL2_FULL,OWL2_DL
ore_ont_1330.owl,8654,22079,51392,42709,20595,22079,35,0,31,0,OWL2_DL - OWL2_EL - OWL2_FULL,OWL2_EL
ore_ont_12992.owl,11708,27127,57300,45565,18429,27127,9,0,29,0,OWL2_DL - OWL2_EL - OWL2_FULL,OWL2_EL
ore_ont_9684.owl,4443,3,69187,64693,12087,52577,29,0,51,0,OWL2_DL - OWL2_FULL,OWL2_DL
ore_ont_10391.owl,80,5935,33133,32959,162,32766,31,17,77,0,OWL2_DL - OWL2_RL - OWL2_FULL,OWL2_DL
ore_ont_13526.owl,78,5933,33133,32967,157,32780,30,15,73,0,OWL2_DL - OWL2_RL - OWL2_FULL,OWL2_DL
ore_ont_8480.owl,6929,24910,51555,44509,2537,41814,158,0,118,0,OWL2_DL - OWL2_FULL,OWL2_DL
ore_ont_13233.owl,7150,24910,52362,45046,2983,41831,232,0,169,0,OWL2_DL - OWL2_EL - OWL2_FULL,OWL2_EL
ore_ont_4049.owl,216,11758,61713,59261,4328,53737,1196,1078,1152,0,OWL2_DL,OWL2_DL
ore_ont_6444.owl,348,8294,43865,43495,612,42877,6,1,22,0,OWL2_DL - OWL2_FULL,OWL2_DL
ore_ont_11311.owl,8022,22,76021,67974,22769,45179,26,0,25,0,OWL2_DL - OWL2_FULL,OWL2_DL
ore_ont_16703.owl,8629,6,91663,83033,9082,73951,0,0,1,0,OWL2_DL - OWL2_FULL,OWL2_DL
ore_ont_11597.owl,8629,6,91663,83033,9082,73951,0,0,1,0,OWL2_DL - OWL2_FULL,OWL2_DL
ore_ont_13359.owl,8804,6,92014,83209,9258,73951,0,0,1,0,OWL2_DL - OWL2_FULL,OWL2_DL
ore_ont_7401.owl,31664,15412,70816,39143,23723,15412,8,0,10,0,OWL2_DL - OWL2_FULL,OWL2_DL
ore_ont_1833.owl,196,9903,43630,43219,790,42429,0,93,123,0,OWL2_DL - OWL2_FULL,OWL2_DL
ore_ont_1115.owl,9223,7,93964,84737,10610,74124,3,0,4,0,OWL2_DL - OWL2_FULL,OWL2_DL
ore_ont_6478.owl,9555,9,98241,88681,11056,77620,5,0,5,0,OWL2_DL - OWL2_FULL,OWL2_DL
ore_ont_9347.owl,114,13356,56089,55829,368,55447,14,23,123,0,OWL2_DL - OWL2_FULL,OWL2_DL
ore_ont_13684.owl,19266,26146,85123,65823,39664,26146,13,0,36,0,OWL2_DL - OWL2_EL - OWL2_FULL,OWL2_EL
ore_ont_14909.owl,183,31274,56168,55840,373,55447,20,0,146,0,OWL2_DL - OWL2_EL - OWL2_FULL,OWL2_EL
ore_ont_15991.owl,346,10955,58250,57883,640,57237,6,1,21,0,OWL2_DL - OWL2_FULL,OWL2_DL
ore_ont_13136.owl,6688,16,105622,98878,19693,79149,36,0,56,0,OWL2_DL - OWL2_FULL,OWL2_DL
ore_ont_1634.owl,6688,16,105622,98878,19693,79149,36,0,56,0,OWL2_DL - OWL2_FULL,OWL2_DL
ore_ont_14012.owl,6688,16,105622,98878,19693,79149,36,0,56,0,OWL2_DL - OWL2_FULL,OWL2_DL
ore_ont_5253.owl,11427,7,115222,103713,14679,88955,79,0,82,0,OWL2_DL - OWL2_FULL,OWL2_DL
ore_ont_5193.owl,8633,73951,91668,83035,9084,73951,0,0,1,0,OWL2_DL - OWL2_EL - OWL2_FULL,OWL2_EL
ore_ont_5059.owl,4322,17296,41406,36399,6321,29985,93,0,686,0,OWL2_DL - OWL2_FULL,OWL2_DL
ore_ont_15536.owl,583,11934,64411,63804,1092,62706,6,1,24,0,OWL2_DL - OWL2_FULL,OWL2_DL
ore_ont_10965.owl,10288,11,130464,120169,11846,108314,9,0,7,0,OWL2_DL - OWL2_FULL,OWL2_DL
ore_ont_1840.owl,10288,11,130464,120169,11846,108314,9,0,7,0,OWL2_DL - OWL2_FULL,OWL2_DL
ore_ont_4141.owl,106,14334,67098,66909,308,66581,20,34,49,0,OWL2_DL - OWL2_FULL,OWL2_DL
ore_ont_11110.owl,16302,7,129647,113341,32286,81052,3,0,4,0,OWL2_DL - OWL2_FULL,OWL2_DL
ore_ont_3737.owl,16303,7,129649,113342,32287,81052,3,0,4,0,OWL2_DL - OWL2_FULL,OWL2_DL
ore_ont_191.owl,16303,7,129649,113342,32287,81052,3,0,4,0,OWL2_DL - OWL2_FULL,OWL2_DL
ore_ont_7389.owl,1007,15078,62478,61446,1447,59987,12,0,26,0,OWL2_DL - OWL2_EL - OWL2_FULL,OWL2_EL
ore_ont_5544.owl,60,17941,65534,65459,216,65240,3,0,16,0,OWL2_DL - OWL2_FULL,OWL2_DL
ore_ont_7416.owl,17295,7,135269,117881,34237,83567,77,0,93,0,OWL2_DL - OWL2_FULL,OWL2_DL
ore_ont_7607.owl,273,33080,86320,85987,342,85639,6,37,24,0,OWL2_DL - OWL2_FULL,OWL2_DL
ore_ont_5103.owl,369,14353,75402,75012,666,74340,6,1,21,0,OWL2_DL - OWL2_FULL,OWL2_DL
ore_ont_1966.owl,20515,7,143139,122596,38131,84424,41,0,29,0,OWL2_DL - OWL2_FULL,OWL2_DL
ore_ont_773.owl,8849,0,146151,137300,9243,128056,1,0,2,0,OWL2_DL - OWL2_FULL,OWL2_DL
ore_ont_7803.owl,18672,7,145563,126796,37397,89323,76,0,95,0,OWL2_DL - OWL2_FULL,OWL2_DL
ore_ont_2291.owl,36504,0,159150,122646,36500,86146,0,0,0,0,OWL2_DL - OWL2_RL - OWL2_FULL,OWL2_DL
ore_ont_15557.owl,38593,0,166980,128387,38589,89798,0,0,0,0,OWL2_DL - OWL2_RL - OWL2_FULL,OWL2_DL
ore_ont_3954.owl,9161,0,158179,149016,9567,139447,2,0,2,0,OWL2_DL - OWL2_FULL,OWL2_DL
ore_ont_14543.owl,25844,7,165203,139358,40464,98893,1,0,1,0,OWL2_DL - OWL2_FULL,OWL2_DL
ore_ont_6120.owl,16307,81052,129654,113344,32289,81052,3,0,4,0,OWL2_DL - OWL2_EL - OWL2_FULL,OWL2_EL
ore_ont_5755.owl,9220,0,162239,153017,9627,143388,2,0,2,0,OWL2_DL - OWL2_FULL,OWL2_DL
ore_ont_9567.owl,9220,0,162239,153017,9627,143388,2,0,2,0,OWL2_DL - OWL2_FULL,OWL2_DL
ore_ont_15237.owl,304,15433,84241,83916,596,83314,6,1,21,0,OWL2_DL - OWL2_FULL,OWL2_DL
ore_ont_12448.owl,19748,9,163906,144153,41178,102970,5,0,5,0,OWL2_DL - OWL2_FULL,OWL2_DL
ore_ont_9046.owl,10292,108314,130469,120171,11848,108314,9,0,7,0,OWL2_DL - OWL2_EL - OWL2_FULL,OWL2_EL
ore_ont_14556.owl,338,17388,90521,90161,619,89536,6,1,22,0,OWL2_DL - OWL2_FULL,OWL2_DL
ore_ont_7914.owl,17680,11,161922,144081,35398,108512,171,0,161,15,OWL2_DL - OWL2_FULL,OWL2_DL
ore_ont_13708.owl,61321,4912,130226,68580,62953,5112,515,4,322,0,OWL2_DL - OWL2_FULL,OWL2_DL
ore_ont_11457.owl,61321,4912,130226,68580,62953,5112,515,4,322,0,OWL2_DL - OWL2_FULL,OWL2_DL
ore_ont_16315.owl,4895,58273,108506,103494,2537,100799,158,0,118,0,OWL2_DL - OWL2_FULL,OWL2_DL
ore_ont_8723.owl,5116,58273,109313,104031,2983,100816,232,0,169,0,OWL2_DL - OWL2_EL - OWL2_FULL,OWL2_EL
ore_ont_16184.owl,61736,4912,131727,69349,63260,5112,977,0,644,0,OWL2_DL - OWL2_EL - OWL2_FULL,OWL2_EL
ore_ont_12522.owl,2089,21399,90308,88194,3007,85175,12,0,26,0,OWL2_DL - OWL2_EL - OWL2_FULL,OWL2_EL
ore_ont_1123.owl,45002,7,141935,96686,52604,43899,183,47,201,0,OWL2_DL - OWL2_FULL,OWL2_DL
ore_ont_3873.owl,25609,0,189561,163944,26367,137569,8,0,8,0,OWL2_DL - OWL2_FULL,OWL2_DL
ore_ont_5781.owl,8853,128056,146156,137302,9245,128056,1,0,2,0,OWL2_DL - OWL2_EL - OWL2_FULL,OWL2_EL
ore_ont_16511.owl,14,22122,87095,86996,153,86805,38,28,58,0,OWL2_DL - OWL2_FULL,OWL2_DL
ore_ont_11207.owl,1083,18177,103286,102179,2191,99982,6,1,24,0,OWL2_DL - OWL2_FULL,OWL2_DL
ore_ont_6816.owl,19752,102970,163911,144155,41180,102970,5,0,5,0,OWL2_DL - OWL2_EL - OWL2_FULL,OWL2_EL
ore_ont_10127.owl,689,20373,107500,106790,1236,105548,6,1,21,0,OWL2_DL - OWL2_FULL,OWL2_DL
ore_ont_8858.owl,9224,143388,162244,153019,9629,143388,2,0,2,0,OWL2_DL - OWL2_EL - OWL2_FULL,OWL2_EL
ore_ont_13928.owl,53085,106,154828,101626,101360,108,158,0,118,0,OWL2_DL - OWL2_FULL,OWL2_DL
ore_ont_8068.owl,25520,7,223694,198170,42998,155169,3,0,4,0,OWL2_DL - OWL2_FULL,OWL2_DL
ore_ont_14221.owl,512,21598,115216,114684,957,113721,6,1,20,0,OWL2_DL - OWL2_FULL,OWL2_DL
ore_ont_2415.owl,23863,11,220800,196861,51675,145095,91,0,76,0,OWL2_DL - OWL2_FULL,OWL2_DL
ore_ont_14601.owl,679,22089,117052,116348,1260,115082,6,1,25,0,OWL2_DL - OWL2_FULL,OWL2_DL
ore_ont_10068.owl,17558,0,227919,210353,30111,180242,0,0,8,0,OWL2_DL - OWL2_FULL,OWL2_DL
ore_ont_12414.owl,27889,7,238661,210765,47518,163244,3,0,7,0,OWL2_DL - OWL2_FULL,OWL2_DL
ore_ont_11053.owl,9157,34875,79096,69918,34959,34959,0,0,21,0,OWL2_DL - OWL2_EL - OWL2_FULL,OWL2_EL
ore_ont_16235.owl,27882,7,241966,214080,50941,163136,3,0,4,0,OWL2_DL - OWL2_FULL,OWL2_DL
ore_ont_4033.owl,9158,34875,84389,75209,40250,34959,0,0,22,0,OWL2_DL - OWL2_EL - OWL2_FULL,OWL2_EL
ore_ont_15687.owl,27397,634,66133,38380,37642,714,24,5,352,0,OWL2_DL - OWL2_FULL,OWL2_DL
ore_ont_16767.owl,1670,27374,122485,120789,2358,118419,12,0,27,0,OWL2_DL - OWL2_EL - OWL2_FULL,OWL2_EL
ore_ont_14742.owl,75141,0,240929,165786,119558,46225,3,0,2,0,OWL2_DL - OWL2_FULL,OWL2_DL
ore_ont_1043.owl,26339,137569,200332,173986,36409,137569,8,0,8,0,OWL2_DL - OWL2_EL - OWL2_FULL,OWL2_EL
ore_ont_955.owl,75141,0,240929,165786,119558,46225,3,0,2,0,OWL2_DL - OWL2_FULL,OWL2_DL
ore_ont_13969.owl,78979,0,247812,168826,121708,47114,4,0,7,0,OWL2_DL - OWL2_FULL,OWL2_DL
ore_ont_12651.owl,78979,0,247812,168826,121708,47114,4,0,7,0,OWL2_DL - OWL2_FULL,OWL2_DL
ore_ont_4744.owl,78979,0,247812,168826,121708,47114,4,0,7,0,OWL2_DL - OWL2_FULL,OWL2_DL
ore_ont_3733.owl,81150,12,253868,172686,124611,48064,11,4,28,0,OWL2_DL - OWL2_FULL,OWL2_DL
ore_ont_4054.owl,30169,8,268374,238200,57795,180400,5,0,5,0,OWL2_DL - OWL2_FULL,OWL2_DL
ore_ont_5358.owl,30169,8,268374,238200,57795,180400,5,0,5,0,OWL2_DL - OWL2_FULL,OWL2_DL
ore_ont_14355.owl,23854,144897,219662,195804,50905,144897,2,0,4,0,OWL2_DL - OWL2_QL - OWL2_FULL,OWL2_DL
ore_ont_15133.owl,23855,144897,219667,195806,50900,144897,9,0,7,0,OWL2_DL - OWL2_EL - OWL2_FULL,OWL2_EL
ore_ont_11827.owl,23855,144897,219667,195806,50900,144897,9,0,7,0,OWL2_DL - OWL2_EL - OWL2_FULL,OWL2_EL
ore_ont_16286.owl,60685,4763,184475,116788,105064,4777,6947,2275,4727,0,OWL2_DL - OWL2_FULL,OWL2_DL
ore_ont_11287.owl,415,7524,149335,148783,553,148016,214,27,110,0,OWL2_DL - OWL2_FULL,OWL2_DL
ore_ont_14154.owl,793,26965,143909,143094,1506,141582,6,1,22,0,OWL2_DL - OWL2_FULL,OWL2_DL
ore_ont_15725.owl,582,26163,146315,145711,1123,144582,6,1,22,0,OWL2_DL - OWL2_FULL,OWL2_DL
ore_ont_11459.owl,78983,47114,247817,168828,121710,47114,4,0,7,0,OWL2_DL - OWL2_EL - OWL2_FULL,OWL2_EL
ore_ont_6627.owl,34209,19,262024,227609,78696,148736,177,0,206,15,OWL2_DL - OWL2_FULL,OWL2_DL
ore_ont_4242.owl,1902,32075,139325,137397,2707,134678,12,0,27,0,OWL2_DL - OWL2_EL - OWL2_FULL,OWL2_EL
ore_ont_8787.owl,17562,180242,227924,210355,30113,180242,0,0,8,0,OWL2_DL - OWL2_EL - OWL2_FULL,OWL2_EL
ore_ont_1370.owl,20977,0,303335,282349,38375,243972,2,0,9,0,OWL2_DL - OWL2_FULL,OWL2_DL
ore_ont_4755.owl,27890,7,323032,295138,50954,244181,3,0,4,0,OWL2_DL - OWL2_FULL,OWL2_DL
ore_ont_14861.owl,27899,7,323312,295396,51209,244182,5,0,17,0,OWL2_DL - OWL2_FULL,OWL2_DL
ore_ont_15621.owl,643,31977,168536,167871,1210,166655,6,1,22,0,OWL2_DL - OWL2_FULL,OWL2_DL
ore_ont_10838.owl,4327,95653,183463,179019,2537,176324,158,0,118,0,OWL2_DL - OWL2_FULL,OWL2_DL
ore_ont_318.owl,34134,11,350198,316057,62848,253200,9,0,7,0,OWL2_DL - OWL2_FULL,OWL2_DL
ore_ont_3087.owl,4192,95453,195100,190791,2537,188096,158,0,118,0,OWL2_DL - OWL2_FULL,OWL2_DL
ore_ont_10697.owl,652,36186,188251,187573,1164,186403,6,1,26,0,OWL2_DL - OWL2_FULL,OWL2_DL
ore_ont_9767.owl,37251,11,371804,334546,68453,266084,9,0,7,0,OWL2_DL - OWL2_FULL,OWL2_DL
ore_ont_5418.owl,37253,11,372023,334762,68652,266101,9,0,8,0,OWL2_DL - OWL2_FULL,OWL2_DL
ore_ont_8194.owl,30334,7,398086,367671,49301,318292,78,0,81,0,OWL2_DL - OWL2_FULL,OWL2_DL
ore_ont_8475.owl,74260,1283,303499,228880,227765,1085,30,0,361,0,OWL2_DL - OWL2_EL - OWL2_FULL,OWL2_EL
ore_ont_2046.owl,10856,60502,131864,121004,60502,60502,0,0,4,0,OWL2_DL - OWL2_EL - OWL2_FULL,OWL2_EL
ore_ont_1182.owl,1086,35406,208551,207437,2252,205179,6,1,28,0,OWL2_DL - OWL2_FULL,OWL2_DL
ore_ont_11745.owl,43917,15,388243,344164,84391,259668,105,0,162,0,OWL2_DL - OWL2_FULL,OWL2_DL
ore_ont_4557.owl,18758,63749,146260,127498,63749,63749,0,0,4,0,OWL2_DL - OWL2_EL - OWL2_FULL,OWL2_EL
ore_ont_11315.owl,36115,12,435808,399685,74385,325290,10,0,8,0,OWL2_DL - OWL2_FULL,OWL2_DL
ore_ont_11899.owl,36124,12,436130,399985,74679,325293,13,0,21,0,OWL2_DL - OWL2_FULL,OWL2_DL
ore_ont_9400.owl,34241,253200,350614,316367,63158,253200,9,0,7,0,OWL2_DL - OWL2_EL - OWL2_FULL,OWL2_EL
ore_ont_5602.owl,20225,65566,151361,131132,65566,65566,0,0,4,0,OWL2_DL - OWL2_EL - OWL2_FULL,OWL2_EL
ore_ont_9768.owl,20389,66977,154347,133954,66977,66977,0,0,4,0,OWL2_DL - OWL2_EL - OWL2_FULL,OWL2_EL
ore_ont_15846.owl,22478,129647,281717,259122,2537,256427,158,0,118,0,OWL2_DL - OWL2_FULL,OWL2_DL
ore_ont_1579.owl,22699,129647,282524,259659,2983,256444,232,0,169,0,OWL2_DL - OWL2_EL - OWL2_FULL,OWL2_EL
ore_ont_751.owl,37254,266084,371807,334549,68463,266084,2,0,4,0,OWL2_DL - OWL2_QL - OWL2_FULL,OWL2_DL
ore_ont_14216.owl,19194,66454,165547,146348,79894,66454,0,0,5,0,OWL2_DL - OWL2_EL - OWL2_FULL,OWL2_EL
ore_ont_11464.owl,14892,0,490205,475313,21034,454279,0,0,0,0,OWL2_DL - OWL2_RL - OWL2_FULL,OWL2_DL
ore_ont_12901.owl,293,48927,248038,247723,523,247194,6,1,22,0,OWL2_DL - OWL2_FULL,OWL2_DL
ore_ont_5769.owl,1902,52221,226856,224930,2706,222212,12,0,25,0,OWL2_DL - OWL2_EL - OWL2_FULL,OWL2_EL
ore_ont_7557.owl,33520,112691,287851,254214,26260,227796,158,0,118,0,OWL2_DL - OWL2_FULL,OWL2_DL
ore_ont_5295.owl,33742,112691,288804,254896,26851,227813,232,0,169,0,OWL2_DL - OWL2_EL - OWL2_FULL,OWL2_EL
ore_ont_5481.owl,15603,8,497293,481685,24012,457670,3,0,5,0,OWL2_DL - OWL2_FULL,OWL2_DL
ore_ont_10073.owl,15603,8,497293,481685,24012,457670,3,0,5,0,OWL2_DL - OWL2_FULL,OWL2_DL
ore_ont_5218.owl,89931,22,469812,379688,115095,264461,132,0,194,0,OWL2_DL - OWL2_FULL,OWL2_DL
ore_ont_2253.owl,20603,67393,172388,151778,84385,67393,0,0,7,0,OWL2_DL - OWL2_EL - OWL2_FULL,OWL2_EL
ore_ont_2111.owl,51417,14,498182,446652,90417,356154,81,0,113,0,OWL2_DL - OWL2_FULL,OWL2_DL
ore_ont_1886.owl,4558,86475,180298,175002,6739,168173,90,0,739,0,OWL2_DL - OWL2_FULL,OWL2_DL
ore_ont_16701.owl,899,43298,267674,266754,1958,264790,6,0,22,0,OWL2_DL - OWL2_FULL,OWL2_DL
ore_ont_3164.owl,643,51778,275906,275243,1247,273990,6,1,20,0,OWL2_DL - OWL2_FULL,OWL2_DL
ore_ont_1199.owl,32666,117925,325473,292690,32680,259852,158,0,118,0,OWL2_DL - OWL2_FULL,OWL2_DL
ore_ont_7993.owl,20167,78497,177165,156994,78497,78497,0,0,4,0,OWL2_DL - OWL2_EL - OWL2_FULL,OWL2_EL
ore_ont_12528.owl,31850,0,571744,539885,69312,470571,2,0,9,0,OWL2_DL - OWL2_FULL,OWL2_DL
ore_ont_13106.owl,4435,61567,280146,275682,6454,269216,12,0,30,0,OWL2_DL - OWL2_EL - OWL2_FULL,OWL2_EL
ore_ont_5760.owl,20354,78934,193976,173617,94683,78934,0,0,5,0,OWL2_DL - OWL2_EL - OWL2_FULL,OWL2_EL
ore_ont_10929.owl,13,22954,244449,244350,185,244134,31,25,62,0,OWL2_DL - OWL2_FULL,OWL2_DL
ore_ont_10380.owl,36204,9,592629,556396,74487,481898,11,0,29,0,OWL2_DL - OWL2_FULL,OWL2_DL
ore_ont_13846.owl,35707,9,600937,565130,73983,491054,93,0,101,0,OWL2_DL - OWL2_FULL,OWL2_DL
ore_ont_2622.owl,546,59453,315087,314519,982,313531,6,1,22,0,OWL2_DL - OWL2_FULL,OWL2_DL
ore_ont_5519.owl,150979,0,533136,382155,167349,214804,2,0,2,0,OWL2_DL - OWL2_FULL,OWL2_DL
ore_ont_9027.owl,105658,33505,329369,223576,149855,73708,13,24,111,0,OWL2_DL - OWL2_FULL,OWL2_DL
ore_ont_2513.owl,958,62471,325057,324075,1775,322294,6,1,24,0,OWL2_DL - OWL2_FULL,OWL2_DL
ore_ont_3658.owl,998,61617,330903,329879,1913,327960,6,1,26,0,OWL2_DL - OWL2_FULL,OWL2_DL
ore_ont_9958.owl,1394,59885,333209,331790,2683,329101,6,1,25,0,OWL2_DL - OWL2_FULL,OWL2_DL
ore_ont_4572.owl,36,32990,223342,223273,133,223139,1,28,5,0,OWL2_DL - OWL2_RL - OWL2_FULL,OWL2_DL
ore_ont_13591.owl,57,112320,223461,223372,233,223139,0,0,33,0,OWL2_DL - OWL2_QL - OWL2_EL - OWL2_FULL,OWL2_EL
ore_ont_5596.owl,60,112320,223492,223401,261,223139,1,0,33,0,OWL2_DL - OWL2_EL - OWL2_FULL,OWL2_EL
ore_ont_6682.owl,110717,40069,357057,246226,156921,89292,13,4,110,0,OWL2_DL - OWL2_FULL,OWL2_DL
ore_ont_3133.owl,1013,70849,377192,376154,2022,374126,6,1,25,0,OWL2_DL - OWL2_FULL,OWL2_DL
ore_ont_12203.owl,889,73465,386344,385431,1644,383781,6,1,24,0,OWL2_DL - OWL2_FULL,OWL2_DL
ore_ont_5475.owl,31853,470571,571749,539887,69316,470571,0,0,9,0,OWL2_DL - OWL2_QL - OWL2_FULL,OWL2_DL
ore_ont_4187.owl,790,79337,397136,396325,1417,394902,6,1,21,0,OWL2_DL - OWL2_FULL,OWL2_DL
ore_ont_2486.owl,36246,481898,593000,556727,74818,481898,11,0,29,0,OWL2_DL - OWL2_EL - OWL2_FULL,OWL2_EL
ore_ont_4412.owl,60972,42,822491,761414,127474,633838,102,0,105,0,OWL2_DL - OWL2_FULL,OWL2_DL
ore_ont_16414.owl,1004,86788,464153,463123,1988,461129,6,1,26,0,OWL2_DL - OWL2_FULL,OWL2_DL
ore_ont_10125.owl,73449,20,964490,891006,142989,747998,19,0,35,0,OWL2_DL - OWL2_FULL,OWL2_DL
ore_ont_10568.owl,150591,117925,703248,552540,292530,259852,158,0,118,0,OWL2_DL - OWL2_FULL,OWL2_DL
ore_ont_12128.owl,187519,17,847766,660188,439187,220948,53,0,61,0,OWL2_DL - OWL2_FULL,OWL2_DL
ore_ont_6233.owl,29971,176043,399651,369675,193632,176043,0,0,5,0,OWL2_DL - OWL2_EL - OWL2_FULL,OWL2_EL
ore_ont_1306.owl,35622,182784,401194,365568,182784,182784,0,0,4,0,OWL2_DL - OWL2_EL - OWL2_FULL,OWL2_EL
ore_ont_12351.owl,73521,747998,965093,891539,143522,747998,19,0,35,0,OWL2_DL - OWL2_EL - OWL2_FULL,OWL2_EL
ore_ont_12567.owl,232086,220948,926550,694386,473357,220948,81,0,81,0,OWL2_DL - OWL2_EL - OWL2_FULL,OWL2_EL
ore_ont_16457.owl,719,122888,660477,659651,1395,658117,139,1,108,3,OWL2_DL - OWL2_FULL,OWL2_DL
ore_ont_2574.owl,81270,124592,741729,660341,275132,385051,158,0,119,0,OWL2_DL - OWL2_FULL,OWL2_DL
ore_ont_10750.owl,37511,228760,503023,465506,232753,232753,0,0,6,0,OWL2_DL - OWL2_EL - OWL2_FULL,OWL2_EL
ore_ont_3914.owl,12437,658369,913041,900585,12567,888012,6,0,19,0,OWL2_DL - OWL2_FULL,OWL2_DL
ore_ont_1012.owl,37962,232982,537353,499385,262266,237119,0,0,6,0,OWL2_DL - OWL2_EL - OWL2_FULL,OWL2_EL
ore_ont_15280.owl,51949,289206,630365,578412,289206,289206,0,0,4,0,OWL2_DL - OWL2_EL - OWL2_FULL,OWL2_EL
ore_ont_13482.owl,58376,292198,689540,631131,337936,293195,0,0,33,0,OWL2_DL - OWL2_EL - OWL2_FULL,OWL2_EL
ore_ont_7192.owl,71033,128215,3196801,3125651,258527,2866966,158,0,118,0,OWL2_DL - OWL2_FULL,OWL2_DL
